canton,address,plz,municipality,buildingGroundArea_sqm,grossInvest_CHF,subsidies_CHF,netInvest_CHF,paybackTime_years,producedKwhYear_kWh,selfConsumedKwhYear_kWh,selfConsumptionPct_pct,gridFeedinKwhYear_kWh
OW,Rütibachstrasse 4,6074,Giswil,127.56,17100.00,1706.00,12315.20,19.061,5728.19,1127.26,19.679,4600.92
OW,Sagenmattli 1,6074,Giswil,84.66,17500.00,1773.00,12581.60,24.50,4463.15,1046.38,23.44,3416.77
OW,Hofbachstrasse 6,6074,Giswil,110.24,24400.00,2892.00,17206.40,23.78,7279.02,980.04,13.464,6298.98
LU,Reussinsel 59b,6003,Luzern,55.43,16300.00,1568.00,11785.60,25.42,4249.44,849.12,19.982,3400.32
LU,Fluhmühle 28,6015,Luzern,146.40,23900.00,2813.00,16869.60,15.233,9389.60,2000.94,21.31,7388.66
LU,Reussportweg 16,6004,Luzern,201.36,30800.00,4204.00,21276.80,14.818,14749.00,1317.96,8.936,13431.04
GL,Oberdorfstrasse 34,8750,Glarus,161.12,59400.00,11796.00,38083.20,13.239,29198.65,2756.27,9.440,26442.38
GL,Schaanenstrasse 3,8750,Glarus,120.64,17100.00,1697.00,12322.40,22.74,4944.42,949.27,19.199,3995.15
GL,Oberdorfstrasse 18b,8750,Glarus,85.60,29700.00,3902.00,20638.40,18.825,11422.28,1091.96,9.560,10330.32
UR,Dammstrasse 15,6452,Sisikon,182.79,49000.00,9349.00,31720.80,10.884,28790.41,2876.69,9.992,25913.71
UR,Dammstrasse 1,6452,Sisikon,90.96,16900.00,1676.00,12179.20,21.01,5214.38,1016.89,19.502,4197.49
UR,Dammstrasse 9,6452,Sisikon,239.09,47000.00,8791.00,30567.20,10.858,26660.15,3337.63,12.519,23322.52
BE,Holzmatt 659,3537,Eggiwil,456.18,24100.00,2850.00,17000.00,21.47,8027.46,970.09,12.085,7057.38
BE,Holzmatt 659a,3537,Eggiwil,145.12,24100.00,2850.00,17000.00,21.43,8037.78,973.28,12.109,7064.49
BE,Ober Neuhaus 643,3537,Eggiwil,133.41,23700.00,2779.00,16736.80,20.75,8109.63,998.90,12.317,7110.74
ZH,Balzenmoosstrasse 8,8542,Wiesendangen,126.34,44600.00,8104.00,29196.80,11.510,24045.28,3060.03,12.726,20985.25
ZH,Bettlistrasse 5,8542,Wiesendangen,200.21,24700.00,2955.00,17396.00,22.73,7603.89,1053.96,13.861,6549.93
ZH,Baumgartenstrasse 34,8330,Pfäffikon,161.33,17300.00,1734.00,12452.80,21.12,5253.41,1062.00,20.22,4191.41
FR,Chürschi 154,1714,Heitenried,273.90,49200.00,9396.00,31843.20,9.924,32794.42,2503.93,7.635,30290.49
FR,Route du Bugnon 26,1782,Belfaux,127.86,41700.00,7297.00,27522.40,9.707,24596.41,4319.99,17.564,20276.42
FR,Route du Bugnon 24,1782,Belfaux,168.55,38000.00,6227.00,25418.40,10.710,20843.28,3574.70,17.150,17268.58
BL,Klosterweg 8,4437,Waldenburg,108.14,13700.00,1144.00,10044.80,40.07,2543.15,469.82,18.474,2073.33
BL,Klosterweg 12,4437,Waldenburg,124.18,25200.00,3028.00,17737.60,22.16,6735.82,1685.03,25.02,5050.79
BL,Austrasse 4,4437,Waldenburg,150.08,60000.00,11922.00,38462.40,12.635,33662.54,1475.20,4.382,32187.34
BS,St. Alban-Rheinweg 124,4052,Basel,514.23,18500.00,1936.00,13251.20,23.08,5122.19,1075.47,21.00,4046.72
BS,St. Alban-Tal 32,4052,Basel,1019.42,22300.00,2562.00,15790.40,16.749,7806.90,1847.13,23.66,5959.78
BS,St. Alban-Tal 44,4052,Basel,57.54,14700.00,1311.00,10711.20,22.85,4121.32,897.66,21.78,3223.66
SH,Ob den Beggingerreben 589,8226,Schleitheim,68.20,15000.00,1362.00,10910.40,24.17,3951.65,895.26,22.66,3056.39
SH,Gennersbrunn 5,8207,Schaffhausen,282.19,18400.00,1910.00,13192.00,23.58,4978.48,1064.32,21.38,3914.17
SH,Gennersbrunn 4,8207,Schaffhausen,282.19,29700.00,3889.00,20648.80,16.824,10135.26,2436.44,24.04,7698.82
SG,Hasenbühl 483,8725,Eschenbach (SG),120.86,21700.00,2460.00,15392.00,18.876,8012.63,1041.42,12.997,6971.21
SG,Benzenau 749,9536,Jonschwil,48.36,52100.00,10213.00,33509.60,11.713,26526.42,3796.27,14.311,22730.15
SG,Benzenau 769,9536,Jonschwil,36.83,15000.00,1360.00,10912.00,24.06,4018.11,873.99,21.75,3144.13
GR,Via Maistra 67,7504,Pontresina,145.84,38800.00,6468.00,25865.60,11.077,23619.17,2020.88,8.556,21598.28
GR,Il Truoch 23,7504,Pontresina,91.86,22800.00,2629.00,16136.80,14.500,9342.31,2022.80,21.65,7319.51
GR,Il Truoch 30,7504,Pontresina,84.21,53400.00,10598.00,34241.60,9.343,35734.09,3629.22,10.156,32104.87
SZ,Milchbüelen 2,6436,Muotathal,39.16,12700.00,976.00,9379.20,34.66,2683.40,481.26,17.935,2202.14
SZ,Hunds-Chotten 3,6418,Rothenthurm,34.72,13200.00,1067.00,9706.40,34.01,2787.38,523.30,18.774,2264.08
SZ,Schmalzgruebweg 29,8832,Wollerau,106.42,25500.00,3083.00,17933.60,22.93,7829.82,1053.33,13.453,6776.49
ZG,Neuhofstrasse 38,6345,Neuheim,197.97,27600.00,3426.00,19339.20,14.005,11572.36,2500.71,21.61,9071.64
ZG,Neuhofstrasse 44,6345,Neuheim,149.02,27600.00,3426.00,19339.20,14.003,11572.92,2501.06,21.61,9071.86
ZG,Neuhofstrasse 4,6345,Neuheim,107.94,17100.00,1704.00,12316.80,18.985,5718.42,1145.96,20.04,4572.46
AR,Schutz 799,9056,Gais,108.64,22300.00,2562.00,15790.40,20.90,7476.18,998.11,13.351,6478.07
AR,Fuchsberg 2375,9056,Gais,208.10,33200.00,4882.00,22654.40,14.310,14155.57,2471.92,17.463,11683.65
AR,Waldersberg 440,9103,Schwellbrunn,150.60,44400.00,8035.00,29092.00,11.271,22261.99,4172.87,18.744,18089.13
AI,Rainhütten 1,9058,Schwende-Rüte,76.11,15200.00,1388.00,11049.60,38.63,2738.69,605.14,22.10,2133.54
AI,Schwarzeneggstrasse 9,9058,Schwende-Rüte,275.71,22600.00,2604.00,15996.80,21.05,7479.32,1029.15,13.760,6450.18
AI,Schwarzeneggstrasse 7,9058,Schwende-Rüte,453.37,80100.00,15726.00,51499.20,12.798,43489.97,2469.90,5.679,41020.07
AG,Haldenstrasse 224,5614,Sarmenstorf,323.04,21900.00,2492.00,15526.40,16.157,7929.92,1874.33,23.64,6055.59
AG,Bodenackerstrasse 558,5614,Sarmenstorf,157.54,63800.00,12639.00,40928.80,12.175,37899.74,1203.71,3.176,36696.03
AG,Gartenweg 3,5443,Niederrohrdorf,165.76,52100.00,10235.00,33492.00,10.258,31023.46,3759.20,12.117,27264.26
NE,En Segrin 25,2016,Cortaillod,127.97,31500.00,4397.00,21682.40,16.412,13527.75,1318.68,9.748,12209.07
NE,Chemin du Potat-Dessus 10,2016,Cortaillod,385.39,17300.00,1730.00,12456.00,19.676,5566.52,1141.91,20.51,4424.61
NE,En Segrin 18a,2016,Cortaillod,166.19,17700.00,1794.00,12724.80,19.881,5609.30,1169.60,20.85,4439.70
GE,Rue de Lausanne 192,1202,Genève,656.71,23900.00,2813.00,16869.60,17.898,9410.20,1098.76,11.676,8311.44
GE,Route du Château-du-Crest 50,1254,Jussy,339.27,18400.00,1919.00,13184.80,21.72,5533.67,1046.18,18.906,4487.49
GE,Route du Château-du-Crest 40,1254,Jussy,0.00000,12900.00,1024.00,9500.80,26.68,3288.35,650.32,19.776,2638.03
TI,Monti di Pisciarotto ,6584,Bellinzona,32.25,34000.00,5106.00,23115.20,11.276,11539.92,6289.12,54.50,5250.80
TI,San Martino 41,6777,Quinto,50.00,22700.00,2613.00,16069.60,17.880,9006.24,1027.87,11.413,7978.37
TI,San Martino 8,6777,Quinto,68.91,23500.00,2753.00,16597.60,16.027,8759.80,1911.10,21.82,6848.70
SO,Meltingerberg 53,4233,Meltingen,734.74,87500.00,17118.00,56305.60,10.860,58520.14,1528.64,2.612,56991.50
SO,Ramisgraben 119,4717,Mümliswil-Ramiswil,646.35,21600.00,2448.00,15321.60,19.427,7779.84,1008.94,12.969,6770.89
SO,Schrannenweg 2,5015,Erlinsbach (SO),77.93,17100.00,1703.00,12317.60,26.56,4201.73,895.18,21.31,3306.55
JU,La Tuilerie 7,2950,Courgenay,81.83,23900.00,2813.00,16869.60,19.405,8666.49,1070.15,12.348,7596.34
JU,Route du Monterri 22,2950,Courgenay,193.04,47400.00,8899.00,30800.80,12.766,24103.38,2441.11,10.128,21662.27
JU,Route du Monterri 30,2950,Courgenay,143.90,48200.00,9126.00,31259.20,10.739,26640.44,3899.09,14.636,22741.35
VD,Chemin des Châtaigniers 2,1163,Etoy,597.19,102900.00,20049.00,66280.80,10.165,63023.48,6955.75,11.037,56067.73
VD,Chemin de Pra Riondet 2,1163,Etoy,346.69,17200.00,1727.00,12378.40,18.777,5751.61,1188.92,20.67,4562.69
VD,Chemin de la Planche de Ville 3,1535,Valbroye,95.95,40900.00,7054.00,27076.80,12.537,21944.11,1956.12,8.914,19987.99
TG,Tristen 2,8374,Fischingen,275.24,21900.00,2487.00,15530.40,20.29,7578.12,990.64,13.072,6587.48
TG,Tristen 1,8374,Fischingen,505.18,19700.00,2135.00,14052.00,25.88,4916.49,1040.33,21.16,3876.16
TG,Maadstrasse 4,9545,Wängi,149.33,27400.00,3396.00,19203.20,18.220,10525.22,1244.55,11.824,9280.67
VS,Talstrasse 107,3905,Saas-Almagell,217.97,73500.00,14478.00,47217.60,13.883,38674.37,1297.23,3.354,37377.14
VS,Talstrasse 103,3905,Saas-Almagell,97.10,133900.00,25923.00,86381.60,14.038,70829.56,1950.07,2.753,68879.48
VS,Kirchstrasse 3,3905,Saas-Almagell,70.03,146000.00,28224.00,94220.80,13.578,80148.29,1928.16,2.406,78220.13
NW,Wissiflue 1,6376,Beckenried,95.24,15100.00,1371.00,10983.20,26.16,3892.00,756.91,19.448,3135.09
NW,Ruotzen 2,6376,Beckenried,42.23,22100.00,2522.00,15662.40,20.18,7833.54,928.51,11.853,6905.03
NW,Lanzig 1,6376,Beckenried,135.46,28600.00,3580.00,20016.00,18.716,11063.55,1096.37,9.910,9967.19
