canton,municipality,bfs_code
ZH,Stallikon,13
ZH,Affoltern am Albis,2
ZH,Bonstetten,3
ZH,Hausen am Albis,4
ZH,Hedingen,5
ZH,Mettmenstetten,9
ZH,Obfelden,10
ZH,Kappel am Albis,6
ZH,Knonau,7
ZH,Maschwanden,8
ZH,Rifferswil,12
ZH,Ottenbach,11
ZH,Wettswil am Albis,14
ZH,Aeugst am Albis,1
ZH,Zell (ZH),231
ZH,Winterthur,230
ZH,Turbenthal,228
ZH,Brütten,213
ZH,Dinhard,216
ZH,Dägerlen,214
ZH,Dättlikon,215
ZH,Altikon,211
ZH,Hagenbuch,220
ZH,Ellikon an der Thur,218
ZH,Hettlingen,221
ZH,Elsau,219
ZH,Rickenbach (ZH),225
ZH,Seuzach,227
ZH,Pfungen,224
ZH,Schlatt (ZH),226
ZH,Neftenbach,223
ZH,Wiesendangen,298
ZH,Elgg,294
ZH,Volketswil,199
ZH,Uster,198
ZH,Greifensee,194
ZH,Egg,192
ZH,Dübendorf,191
ZH,Fällanden,193
ZH,Mönchaltorf,196
ZH,Maur,195
ZH,Schwerzenbach,197
ZH,Wangen-Brüttisellen,200
ZH,Wila,181
ZH,Wildberg,182
ZH,Weisslingen,180
ZH,Fehraltorf,172
ZH,Hittnau,173
ZH,Lindau,176
ZH,Russikon,178
ZH,Pfäffikon,177
ZH,Bauma,297
ZH,Illnau-Effretikon,296
ZH,Zumikon,160
ZH,Stäfa,158
ZH,Hombrechtikon,153
ZH,Erlenbach (ZH),151
ZH,Herrliberg,152
ZH,Meilen,156
ZH,Oetwil am See,157
ZH,Küsnacht (ZH),154
ZH,Männedorf,155
ZH,Uetikon am See,159
ZH,Zollikon,161
VS,Thalwil,141
VS,Adliswil,131
VS,Oberrieden,137
VS,Langnau am Albis,136
VS,Kilchberg (ZH),135
VS,Rüschlikon,139
VS,Richterswil,138
VS,Horgen,295
VS,Wädenswil,293
ZH,Wetzikon (ZH),121
ZH,Wald (ZH),120
ZH,Bubikon,112
ZH,Bäretswil,111
ZH,Grüningen,116
ZH,Fischenthal,114
ZH,Gossau (ZH),115
ZH,Hinwil,117
ZH,Dürnten,113
ZH,Rüti (ZH),118
ZH,Seegräben,119
ZH,Stadel,100
ZH,Weiach,102
ZH,Steinmaur,101
ZH,Buchs (ZH),83
ZH,Dielsdorf,86
ZH,Dällikon,84
ZH,Dänikon,85
ZH,Bachs,81
ZH,Boppelsen,82
ZH,Hüttikon,87
ZH,Oberweningen,93
ZH,Oberglatt,92
ZH,Niederglatt,89
ZH,Neerach,88
ZH,Niederhasli,90
ZH,Niederweningen,91
ZH,Rümlang,97
ZH,Schöfflisdorf,99
ZH,Schleinikon,98
ZH,Otelfingen,94
ZH,Regensberg,95
ZH,Regensdorf,96
ZH,Wil (ZH),71
ZH,Winkel,72
ZH,Wasterkingen,70
ZH,Wallisellen,69
ZH,Bülach,53
ZH,Dietlikon,54
ZH,Bachenbülach,51
ZH,Bassersdorf,52
ZH,Freienstein-Teufen,57
ZH,Glattfelden,58
ZH,Hochfelden,59
ZH,Eglisau,55
ZH,Hüntwangen,61
ZH,Höri,60
ZH,Embrach,56
ZH,Opfikon,66
ZH,Oberembrach,65
ZH,Lufingen,63
ZH,Rorbas,68
ZH,Rafz,67
ZH,Kloten,62
ZH,Nürensdorf,64
ZH,Volken,43
ZH,Thalheim an der Thur,39
ZH,Trüllikon,40
ZH,Truttikon,41
ZH,Dachsen,25
ZH,Berg am Irchel,23
ZH,Benken (ZH),22
ZH,Flurlingen,29
ZH,Feuerthalen,27
ZH,Flaach,28
ZH,Dorf,26
ZH,Henggart,31
ZH,Laufen-Uhwiesen,34
ZH,Kleinandelfingen,33
ZH,Marthalen,35
ZH,Rheinau,38
ZH,Ossingen,37
ZH,Buch am Irchel,24
ZH,Stammheim,292
ZH,Andelfingen,291
ZH,Zürich,261
ZH,Birmensdorf (ZH),242
ZH,Dietikon,243
ZH,Geroldswil,244
ZH,Oberengstringen,245
ZH,Oetwil an der Limmat,246
ZH,Schlieren,247
ZH,Uitikon,248
ZH,Unterengstringen,249
ZH,Urdorf,250
ZH,Weiningen (ZH),251
ZH,Aesch (ZH),241
BE,Corgémont,431
BE,Cormoret,432
BE,Cortébert,433
BE,Courtelary,434
BE,La Ferrière,435
BE,Mont-Tramelan,437
BE,Orvin,438
BE,Renan (BE),441
BE,Romont (BE),442
BE,Saint-Imier,443
BE,Sonceboz-Sombeval,444
BE,Sonvilier,445
BE,Tramelan,446
BE,Villeret,448
BE,Belprahon,681
BE,Champoz,683
BE,Corcelles (BE),687
BE,Court,690
BE,Crémines,691
BE,Eschert,692
BE,Grandval,694
BE,Loveresse,696
BE,Perrefitte,701
BE,Reconvilier,703
BE,Roches (BE),704
BE,Saicourt,706
BE,Saules (BE),707
BE,Schelten,708
BE,Seehof,709
BE,Sorvilier,711
BE,Tavannes,713
BE,Rebévelier,715
BE,La Neuveville,723
BE,Nods,724
BE,Sauge,449
BE,Plateau de Diesse,726
BE,Péry-La Heutte,450
BE,Valbirse,717
BE,Petit-Val,716
BE,Twann-Tüscherz,756
BE,Biel/Bienne,371
BE,Evilard,372
BE,Lengnau (BE),387
BE,Meinisberg,390
BE,Pieterlen,392
BE,Aegerten,731
BE,Bellmund,732
BE,Brügg,733
BE,Ipsach,739
BE,Ligerz,740
BE,Mörigen,742
BE,Nidau,743
BE,Orpund,744
BE,Port,745
BE,Safnern,746
BE,Scheuren,747
BE,Schwadernau,748
BE,Sutz-Lattrigen,750
BE,Aarberg,301
BE,Bargen (BE),302
BE,Grossaffoltern,303
BE,Kappelen,305
BE,Radelfingen,309
BE,Schüpfen,311
BE,Seedorf (BE),312
BE,Arch,381
BE,Büetigen,382
BE,Büren an der Aare,383
BE,Diessbach bei Büren,385
BE,Dotzigen,386
BE,Leuzigen,388
BE,Meienried,389
BE,Oberwil bei Büren,391
BE,Rüti bei Büren,393
BE,Wengi,394
BE,Brüttelen,491
BE,Erlach,492
BE,Finsterhennen,493
BE,Gals,494
BE,Gampelen,495
BE,Ins,496
BE,Lüscherz,497
BE,Müntschemier,498
BE,Siselen,499
BE,Treiten,500
BE,Tschugg,501
BE,Vinelz,502
BE,Bühl,734
BE,Epsach,735
BE,Hagneck,736
BE,Hermrigen,737
BE,Jens,738
BE,Merzligen,741
BE,Studen (BE),749
BE,Täuffelen,751
BE,Walperswil,754
BE,Worben,755
BE,Lyss,306
BE,Rapperswil (BE),310
BE,Kallnach,304
BE,Aarwangen,321
BE,Auswil,322
BE,Bannwil,323
BE,Bleienbach,324
BE,Busswil bei Melchnau,325
BE,Gondiswil,326
BE,Lotzwil,331
BE,Melchnau,333
BE,Oeschenbach,335
BE,Reisiswil,336
BE,Roggwil (BE),337
BE,Rohrbach,338
BE,Rohrbachgraben,339
BE,Rütschelen,340
BE,Schwarzhäusern,341
BE,Thunstetten,342
BE,Ursenbach,344
BE,Wynau,345
BE,Eriswil,953
BE,Huttwil,954
BE,Walterswil (BE),959
BE,Wyssachen,960
BE,Attiswil,971
BE,Berken,972
BE,Farnern,975
BE,Graben,976
BE,Heimenhausen,977
BE,Herzogenbuchsee,979
BE,Inkwil,980
BE,Niederönz,982
BE,Oberbipp,983
BE,Ochlenberg,985
BE,Rumisberg,987
BE,Thörigen,989
BE,Walliswil bei Niederbipp,990
BE,Walliswil bei Wangen,991
BE,Wiedlisbach,995
BE,Madiswil,332
BE,Bettenhausen,973
BE,Seeberg,988
BE,Niederbipp,981
BE,Langenthal,329
BE,Wangen an der Aare,992
BE,Aefligen,401
BE,Alchenstorf,402
BE,Burgdorf,404
BE,Hasle bei Burgdorf,406
BE,Heimiswil,407
BE,Hellsau,408
BE,Höchstetten,410
BE,Kernenried,411
BE,Kirchberg (BE),412
BE,Koppigen,413
BE,Krauchthal,414
BE,Lyssach,415
BE,Oberburg,418
BE,Rüdtligen-Alchenflüh,420
BE,Rumendingen,421
BE,Rüti bei Lyssach,422
BE,Willadingen,423
BE,Wynigen,424
BE,Bätterkinden,533
BE,Utzenstorf,552
BE,Wiler bei Utzenstorf,554
BE,Zielebach,556
BE,Eggiwil,901
BE,Langnau im Emmental,902
BE,Lauperswil,903
BE,Röthenbach im Emmental,904
BE,Rüderswil,905
BE,Schangnau,906
BE,Signau,907
BE,Trub,908
BE,Trubschachen,909
BE,Affoltern im Emmental,951
BE,Dürrenroth,952
BE,Lützelflüh,955
BE,Rüegsau,956
BE,Sumiswald,957
BE,Trachselwald,958
BE,Ersigen,405
BE,Hindelbank,409
BE,Meikirch,307
BE,Bern,351
BE,Bolligen,352
BE,Bremgarten bei Bern,353
BE,Kirchlindach,354
BE,Köniz,355
BE,Muri bei Bern,356
BE,Oberbalm,357
BE,Stettlen,358
BE,Vechigen,359
BE,Wohlen bei Bern,360
BE,Zollikofen,361
BE,Ittigen,362
BE,Ostermundigen,363
BE,Bäriswil,403
BE,Deisswil bei Münchenbuchsee,535
BE,Iffwil,541
BE,Mattstetten,543
BE,Moosseedorf,544
BE,Urtenen-Schönbühl,551
BE,Wiggiswil,553
BE,Zuzwil (BE),557
BE,Arni (BE),602
BE,Biglen,603
BE,Bowil,605
BE,Brenzikofen,606
BE,Freimettigen,607
BE,Häutligen,609
BE,Herbligen,610
BE,Kiesen,611
BE,Konolfingen,612
BE,Landiswil,613
BE,Linden,614
BE,Mirchel,615
BE,Niederhünigen,617
BE,Oberthal,620
BE,Oppligen,622
BE,Rubigen,623
BE,Walkringen,626
BE,Worb,627
BE,Zäziwil,628
BE,Oberhünigen,629
BE,Allmendingen,630
BE,Wichtrach,632
BE,Ferenbalm,662
BE,Frauenkappelen,663
BE,Gurbrü,665
BE,Kriechenwil,666
BE,Laupen,667
BE,Mühleberg,668
BE,Münchenwiler,669
BE,Neuenegg,670
BE,Wileroltigen,671
BE,Guggisberg,852
BE,Rüschegg,853
BE,Gerzensee,866
BE,Jaberg,868
BE,Kaufdorf,869
BE,Kehrsatz,870
BE,Niedermuhlern,877
BE,Rüeggisberg,880
BE,Toffen,884
BE,Wald (BE),888
BE,Schwarzenburg,855
BE,Belp,861
BE,Fraubrunnen,538
BE,Jegenstorf,540
BE,Oberdiessbach,619
BE,Münsingen,616
BE,Grosshöchstetten,608
BE,Kirchdorf (BE),872
BE,Thurnen,889
BE,Riggisberg,879
BE,Münchenbuchsee,546
BE,Burgistein,863
BE,Gurzelen,867
BE,Seftigen,883
BE,Wattenwil,886
BE,Amsoldingen,921
BE,Blumenstein,922
BE,Buchholterberg,923
BE,Eriz,924
BE,Fahrni,925
BE,Heiligenschwendi,927
BE,Heimberg,928
BE,Hilterfingen,929
BE,Homberg,931
BE,Horrenbach-Buchen,932
BE,Oberhofen am Thunersee,934
BE,Oberlangenegg,935
BE,Pohlern,936
BE,Sigriswil,938
BE,Teuffenthal (BE),940
BE,Thierachern,941
BE,Thun,942
BE,Uebeschi,943
BE,Uetendorf,944
BE,Unterlangenegg,945
BE,Wachseldorn,946
BE,Forst-Längenbühl,948
BE,Stocken-Höfen,770
BE,Uttigen,885
BE,Steffisburg,939
BE,Reutigen,767
BE,Boltigen,791
BE,Lenk,792
BE,St. Stephan,793
BE,Zweisimmen,794
BE,Gsteig,841
BE,Lauenen,842
BE,Saanen,843
BE,Adelboden,561
BE,Aeschi bei Spiez,562
BE,Frutigen,563
BE,Kandergrund,564
BE,Kandersteg,565
BE,Krattigen,566
BE,Reichenbach im Kandertal,567
BE,Därstetten,761
BE,Diemtigen,762
BE,Erlenbach im Simmental,763
BE,Oberwil im Simmental,766
BE,Spiez,768
BE,Wimmis,769
BE,Beatenberg,571
BE,Bönigen,572
BE,Brienz (BE),573
BE,Brienzwiler,574
BE,Därligen,575
BE,Grindelwald,576
BE,Gsteigwiler,577
BE,Gündlischwand,578
BE,Habkern,579
BE,Hofstetten bei Brienz,580
BE,Interlaken,581
BE,Iseltwald,582
BE,Lauterbrunnen,584
BE,Leissigen,585
BE,Lütschental,586
BE,Matten bei Interlaken,587
BE,Niederried bei Interlaken,588
BE,Oberried am Brienzersee,589
BE,Ringgenberg (BE),590
BE,Saxeten,591
BE,Schwanden bei Brienz,592
BE,Unterseen,593
BE,Wilderswil,594
BE,Guttannen,782
BE,Hasliberg,783
BE,Meiringen,785
BE,Schattenhalb,786
BE,Innertkirchen,784
LU,Luzern,1061
LU,Vitznau,1068
LU,Weggis,1069
LU,Udligenswil,1067
LU,Buchrain,1052
LU,Dierikon,1053
LU,Adligenswil,1051
LU,Gisikon,1055
LU,Greppen,1056
LU,Ebikon,1054
LU,Horw,1058
LU,Meierskappel,1064
LU,Meggen,1063
LU,Kriens,1059
LU,Malters,1062
LU,Schwarzenberg,1066
LU,Root,1065
LU,Ballwil,1023
LU,Aesch (LU),1021
LU,Hochdorf,1031
LU,Eschenbach (LU),1026
LU,Emmen,1024
LU,Ermensee,1025
LU,Inwil,1033
LU,Rothenburg,1040
LU,Schongau,1041
LU,Rain,1037
LU,Römerswil,1039
LU,Hohenrain,1032
LU,Hitzkirch,1030
AG,Rickenbach (LU),1097
AG,Sursee,1103
AG,Buttisholz,1083
AG,Büron,1082
AG,Grosswangen,1086
AG,Geuensee,1085
AG,Eich,1084
AG,Hildisrieden,1088
AG,Oberkirch,1095
AG,Neuenkirch,1093
AG,Nottwil,1094
AG,Mauensee,1091
AG,Knutwil,1089
AG,Ruswil,1098
AG,Sempach,1102
AG,Schlierbach,1100
AG,Triengen,1104
AG,Beromünster,1081
AG,Schenkon,1099
LU,Schötz,1143
LU,Wikon,1147
LU,Zell (LU),1150
LU,Wauwil,1146
LU,Ufhusen,1145
LU,Alberswil,1121
LU,Altbüron,1122
LU,Grossdietwil,1131
LU,Fischbach,1129
LU,Egolzwil,1127
LU,Hergiswil bei Willisau,1132
LU,Menznau,1136
LU,Nebikon,1137
LU,Luthern,1135
LU,Roggliswil,1142
LU,Pfaffnau,1139
LU,Dagmersellen,1125
LU,Ettiswil,1128
LU,Reiden,1140
LU,Altishofen,1123
LU,Willisau,1151
AG,Escholzmatt-Marbach,1010
AG,Werthenstein,1009
AG,Wolhusen,1107
AG,Flühli,1004
AG,Hasle (LU),1005
AG,Doppleschwand,1001
AG,Entlebuch,1002
AG,Romoos,1007
AG,Schüpfheim,1008
UR,Spiringen,1218
UR,Wassen,1220
UR,Unterschächen,1219
UR,Bürglen (UR),1205
UR,Attinghausen,1203
UR,Altdorf (UR),1201
UR,Andermatt,1202
UR,Flüelen,1207
UR,Gurtnellen,1209
UR,Göschenen,1208
UR,Hospental,1210
UR,Erstfeld,1206
UR,Isenthal,1211
UR,Seelisberg,1215
UR,Sisikon,1217
UR,Silenen,1216
UR,Schattdorf,1213
UR,Realp,1212
UR,Seedorf (UR),1214
SZ,Wollerau,1323
SZ,Freienbach,1322
SZ,Feusisberg,1321
SZ,Gersau,1311
SZ,Einsiedeln,1301
SZ,Steinerberg,1374
SZ,Steinen,1373
SZ,Unteriberg,1375
SZ,Arth,1362
SZ,Alpthal,1361
SZ,Illgau,1363
SZ,Muotathal,1367
SZ,Morschach,1366
SZ,Oberiberg,1368
SZ,Lauerz,1365
SZ,Ingenbohl,1364
SZ,Rothenthurm,1370
SZ,Riemenstalden,1369
SZ,Schwyz,1372
SZ,Sattel,1371
SZ,Vorderthal,1348
SZ,Wangen (SZ),1349
SZ,Tuggen,1347
SZ,Altendorf,1341
SZ,Galgenen,1342
SZ,Lachen,1344
SZ,Innerthal,1343
SZ,Schübelbach,1346
SZ,Reichenburg,1345
SZ,Küssnacht (SZ),1331
OW,Alpnach,1401
OW,Giswil,1403
OW,Engelberg,1402
OW,Kerns,1404
OW,Lungern,1405
OW,Sachseln,1406
OW,Sarnen,1407
NW,Wolfenschiessen,1511
NW,Stans,1509
NW,Stansstad,1510
NW,Buochs,1502
NW,Dallenwil,1503
NW,Beckenried,1501
NW,Ennetmoos,1506
NW,Ennetbürgen,1505
NW,Emmetten,1504
NW,Hergiswil (NW),1507
NW,Oberdorf (NW),1508
GL,Glarus Süd,1631
GL,Glarus Nord,1630
GL,Glarus,1632
ZG,Zug,1711
ZG,Walchwil,1710
ZG,Steinhausen,1708
ZG,Unterägeri,1709
ZG,Cham,1702
ZG,Baar,1701
ZG,Hünenberg,1703
ZG,Menzingen,1704
ZG,Neuheim,1705
ZG,Oberägeri,1706
ZG,Risch,1707
FR,Châtel-Saint-Denis,2325
FR,Attalens,2321
FR,Bossonnens,2323
FR,Granges (Veveyse),2328
FR,Remaufens,2333
FR,Semsales,2336
FR,Le Flon,2337
FR,La Verrerie,2338
FR,Saint-Martin (FR),2335
FR,St. Silvester,2303
FR,St. Ursen,2304
FR,Tentlingen,2307
FR,Ueberstorf,2308
FR,Brünisried,2292
FR,Giffers,2294
FR,Düdingen,2293
FR,Heitenried,2296
FR,Schmitten (FR),2305
FR,Rechthalten,2301
FR,Bösingen,2295
FR,Plasselb,2300
FR,Wünnewil-Flamatt,2309
FR,Plaffeien,2299
FR,Tafers,2306
FR,Cressier (FR),2257
FR,Courgevaux,2250
FR,Fräschels,2258
FR,Greng,2261
FR,Muntelier,2274
FR,Meyriez,2271
FR,Kerzers,2265
FR,Kleinbösingen,2266
FR,Misery-Courtion,2272
FR,Ried bei Kerzers,2276
FR,Mont-Vully,2284
FR,Courtepin,2254
FR,Murten,2275
FR,Gurmels,2262
FR,Villars-sur-Glâne,2228
FR,Villarsel-sur-Marly,2230
FR,Treyvaux,2226
FR,Chénens,2177
FR,Cottens (FR),2186
FR,Autigny,2173
FR,Fribourg,2196
FR,Ferpicloz,2194
FR,Givisiez,2197
FR,Granges-Paccot,2198
FR,Neyruz (FR),2211
FR,Matran,2208
FR,Pierrafortscha,2216
FR,Marly,2206
FR,La Brillaz,2234
FR,Hauterive (FR),2233
FR,Avry,2174
FR,Le Mouret,2220
FR,La Sonnaz,2235
FR,Belfaux,2175
FR,Gibloux,2236
FR,Corminboeuf,2183
FR,Prez,2237
FR,Bois-d'Amont,2238
FR,Grolley-Ponthaux,2239
FR,Vuadens,2160
FR,Sorens,2153
FR,Vaulruz,2155
FR,Châtel-sur-Montsalvens,2128
FR,Crésuz,2130
FR,Broc,2124
FR,Gruyères,2135
FR,Grandvillard,2134
FR,Echarlens,2131
FR,Hauteville,2137
FR,Morlon,2143
FR,La Roche,2149
FR,Le Pâquier (FR),2145
FR,Jaun,2138
FR,Riaz,2148
FR,Pont-la-Ville,2147
FR,Marsens,2140
FR,Sâles,2152
FR,Haut-Intyamon,2121
FR,Pont-en-Ogoz,2122
FR,Bas-Intyamon,2162
FR,Bulle,2125
FR,Botterens,2123
FR,Corbières,2129
FR,Val-de-Charmey,2163
FR,Châtonnaye,2068
FR,Grangettes,2079
FR,Le Châtelard,2067
FR,Massonnens,2086
FR,Romont (FR),2096
FR,Billens-Hennens,2063
FR,Villorsonnens,2114
FR,Mézières (FR),2087
FR,Siviriez,2099
FR,Torny,2115
FR,Vuisternens-devant-Romont,2113
FR,Villaz,2117
FR,Rue,2097
FR,Ursy,2102
FR,Vallon,2045
FR,Châtillon (FR),2008
FR,Gletterens,2022
FR,Nuvilly,2035
FR,Sévaz,2043
FR,Prévondavaux,2038
FR,Saint-Aubin (FR),2041
FR,Les Montets,2050
FR,Montagny (FR),2029
FR,Cugy (FR),2011
FR,Delley-Portalban,2051
FR,Lully (FR),2025
FR,Belmont-Broye,2053
FR,Estavayer,2054
FR,Cheyres-Châbles,2055
FR,Surpierre,2044
FR,Fétigny-Ménières,2056
SO,Winznau,2501
SO,Wisen (SO),2502
SO,Trimbach,2500
SO,Hauenstein-Ifenthal,2491
SO,Obergösgen,2497
SO,Niedergösgen,2495
SO,Kienberg,2492
SO,Lostorf,2493
SO,Erlinsbach (SO),2503
SO,Stüsslingen,2499
SO,Zullwil,2622
SO,Büsserach,2614
SO,Bärschwil,2611
SO,Breitenbach,2613
SO,Beinwil (SO),2612
SO,Fehren,2616
SO,Grindel,2617
SO,Himmelried,2618
SO,Erschwil,2615
SO,Meltingen,2620
SO,Nunningen,2621
SO,Kleinlützel,2619
SO,Solothurn,2601
SO,Balm bei Günsberg,2541
SO,Bellach,2542
SO,Bettlach,2543
SO,Günsberg,2547
SO,Flumenthal,2545
SO,Feldbrunnen-St. Niklaus,2544
SO,Grenchen,2546
SO,Hubersdorf,2548
SO,Oberdorf (SO),2553
SO,Langendorf,2550
SO,Kammersrohr,2549
SO,Lommiswil,2551
SO,Rüttenen,2555
SO,Selzach,2556
SO,Riedholz,2554
SO,Witterswil,2481
SO,Büren (SO),2472
SO,Bättwil,2471
SO,Gempen,2474
SO,Hochwald,2475
SO,Dornach,2473
SO,Nuglar-St. Pantaleon,2478
SO,Rodersdorf,2479
SO,Seewen,2480
SO,Hofstetten-Flüh,2476
SO,Metzerlen-Mariastein,2477
SO,Unterramsern,2463
SO,Biezwil,2445
SO,Schnottwil,2461
SO,Lüterkofen-Ichertswil,2455
SO,Messen,2457
SO,Lüsslingen-Nennigkofen,2464
SO,Buchegg,2465
SO,Walterswil (SO),2585
SO,Wangen bei Olten,2586
SO,Starrkirch-Wil,2584
SO,Däniken,2572
SO,Boningen,2571
SO,Gunzgen,2578
SO,Hägendorf,2579
SO,Fulenbach,2575
SO,Dulliken,2573
SO,Eppenberg-Wöschnau,2574
SO,Olten,2581
SO,Kappel (SO),2580
SO,Rickenbach (SO),2582
SO,Schönenwerd,2583
SO,Gretzenbach,2576
SO,Egerkingen,2401
SO,Härkingen,2402
SO,Kestenholz,2403
SO,Niederbuchsiten,2405
SO,Oensingen,2407
SO,Wolfwil,2408
SO,Oberbuchsiten,2406
SO,Neuendorf,2404
SO,Aedermannsdorf,2421
SO,Balsthal,2422
SO,Herbetswil,2424
SO,Holderbank (SO),2425
SO,Laupersdorf,2426
SO,Matzendorf,2427
SO,Mümliswil-Ramiswil,2428
SO,Welschenrohr-Gänsbrunnen,2430
SO,Biberist,2513
SO,Bolken,2514
SO,Deitingen,2516
SO,Derendingen,2517
SO,Etziken,2518
SO,Gerlafingen,2519
SO,Horriwil,2523
SO,Hüniken,2524
SO,Luterbach,2527
SO,Obergerlafingen,2528
SO,Recherswil,2530
SO,Subingen,2532
SO,Zuchwil,2534
SO,Lohn-Ammannsegg,2526
SO,Aeschi (SO),2511
SO,Drei Höfe,2535
SO,Kriegstetten,2525
BS,Basel,2701
BS,Bettingen,2702
BS,Riehen,2703
BL,Aesch (BL),2761
BL,Allschwil,2762
BL,Arlesheim,2763
BL,Biel-Benken,2764
BL,Binningen,2765
BL,Birsfelden,2766
BL,Bottmingen,2767
BL,Ettingen,2768
BL,Münchenstein,2769
BL,Muttenz,2770
BL,Oberwil (BL),2771
BL,Pfeffingen,2772
BL,Reinach (BL),2773
BL,Schönenbuch,2774
BL,Therwil,2775
BL,Blauen,2781
BL,Brislach,2782
BL,Burg im Leimental,2783
BL,Dittingen,2784
BL,Duggingen,2785
BL,Grellingen,2786
BL,Laufen,2787
BL,Liesberg,2788
BL,Nenzlingen,2789
BL,Roggenburg,2790
BL,Röschenz,2791
BL,Wahlen,2792
BL,Zwingen,2793
BL,Arisdorf,2821
BL,Augst,2822
BL,Bubendorf,2823
BL,Frenkendorf,2824
BL,Füllinsdorf,2825
BL,Giebenach,2826
BL,Hersberg,2827
BL,Lausen,2828
BL,Liestal,2829
BL,Lupsingen,2830
BL,Pratteln,2831
BL,Ramlinsburg,2832
BL,Seltisberg,2833
BL,Ziefen,2834
BL,Anwil,2841
BL,Böckten,2842
BL,Buckten,2843
BL,Buus,2844
BL,Diepflingen,2845
BL,Gelterkinden,2846
BL,Häfelfingen,2847
BL,Hemmiken,2848
BL,Itingen,2849
BL,Känerkinden,2850
BL,Kilchberg (BL),2851
BL,Läufelfingen,2852
BL,Maisprach,2853
BL,Nusshof,2854
BL,Oltingen,2855
BL,Ormalingen,2856
BL,Rickenbach (BL),2857
BL,Rothenfluh,2858
BL,Rümlingen,2859
BL,Rünenberg,2860
BL,Sissach,2861
BL,Tecknau,2862
BL,Tenniken,2863
BL,Thürnen,2864
BL,Wenslingen,2865
BL,Wintersingen,2866
BL,Wittinsburg,2867
BL,Zeglingen,2868
BL,Zunzgen,2869
BL,Arboldswil,2881
BL,Bennwil,2882
BL,Bretzwil,2883
BL,Diegten,2884
BL,Eptingen,2885
BL,Hölstein,2886
BL,Lampenberg,2887
BL,Langenbruck,2888
BL,Lauwil,2889
BL,Liedertswil,2890
BL,Niederdorf,2891
BL,Oberdorf (BL),2892
BL,Reigoldswil,2893
BL,Titterten,2894
BL,Waldenburg,2895
SH,Trasadingen,2973
SH,Hallau,2971
SH,Oberhallau,2972
SH,Wilchingen,2974
SH,Stein am Rhein,2964
SH,Buch (SH),2961
SH,Hemishofen,2962
SH,Ramsen,2963
SH,Beggingen,2951
SH,Siblingen,2953
SH,Schleitheim,2952
SH,Buchberg,2933
SH,Bargen (SH),2931
SH,Merishausen,2936
SH,Neuhausen am Rheinfall,2937
SH,Rüdlingen,2938
SH,Schaffhausen,2939
SH,Beringen,2932
SH,Stetten (SH),2919
SH,Büttenhardt,2914
SH,Dörflingen,2915
SH,Lohn (SH),2917
SH,Thayngen,2920
SH,Gächlingen,2901
SH,Neunkirch,2904
SH,Löhningen,2903
AR,Waldstatt,3007
AR,Stein (AR),3005
AR,Urnäsch,3006
AR,Hundwil,3002
AR,Herisau,3001
AR,Schwellbrunn,3004
AR,Schönengrund,3003
AR,Wolfhalden,3038
AR,Wald (AR),3036
AR,Walzenhausen,3037
AR,Grub (AR),3031
AR,Heiden,3032
AR,Lutzenberg,3033
AR,Reute (AR),3035
AR,Rehetobel,3034
AR,Speicher,3023
AR,Teufen (AR),3024
AR,Trogen,3025
AR,Bühler,3021
AR,Gais,3022
AI,Appenzell,3101
AI,Gonten,3102
AI,Schlatt-Haslen,3104
AI,Oberegg,3111
AI,Schwende-Rüte,3112
SG,Ebnat-Kappel,3352
SG,Lichtensteig,3374
SG,Kirchberg (SG),3392
SG,Lütisburg,3393
SG,Mosnang,3394
SG,Wildhaus-Alt St. Johann,3359
SG,Nesslau,3360
SG,Wattwil,3379
SG,Bütschwil-Ganterschwil,3395
SG,Neckertal,3396
SG,Berg (SG),3211
SG,Goldach,3213
SG,Mörschwil,3214
SG,Rorschach,3215
SG,Rorschacherberg,3216
SG,Steinach,3217
SG,Tübach,3218
SG,Untereggen,3219
SG,Thal,3237
SG,Häggenschwil,3201
SG,Muolen,3202
SG,St. Gallen,3203
SG,Wittenbach,3204
SG,Eggersriet,3212
SG,Andwil (SG),3441
SG,Gaiserwald,3442
SG,Gossau (SG),3443
SG,Waldkirch,3444
SG,Buchs (SG),3271
SG,Gams,3272
SG,Grabs,3273
SG,Sennwald,3274
SG,Sevelen,3275
SG,Wartau,3276
SG,Degersheim,3401
SG,Flawil,3402
SG,Jonschwil,3405
SG,Oberuzwil,3407
SG,Uzwil,3408
SG,Niederbüren,3422
SG,Niederhelfenschwil,3423
SG,Oberbüren,3424
SG,Zuzwil (SG),3426
SG,Wil (SG),3427
SG,Bad Ragaz,3291
SG,Flums,3292
SG,Mels,3293
SG,Pfäfers,3294
SG,Quarten,3295
SG,Sargans,3296
SG,Vilters-Wangs,3297
SG,Walenstadt,3298
SG,Amden,3311
SG,Benken (SG),3312
SG,Kaltbrunn,3313
SG,Schänis,3315
SG,Weesen,3316
SG,Schmerikon,3338
SG,Uznach,3339
SG,Rapperswil-Jona,3340
SG,Gommiswald,3341
SG,Eschenbach (SG),3342
SG,Au (SG),3231
SG,Balgach,3232
SG,Berneck,3233
SG,Diepoldsau,3234
SG,Rheineck,3235
SG,St. Margrethen,3236
SG,Widnau,3238
SG,Altstätten,3251
SG,Eichberg,3252
SG,Marbach (SG),3253
SG,Oberriet (SG),3254
SG,Rebstein,3255
SG,Rüthi (SG),3256
GR,Vaz/Obervaz,3506
GR,Lantsch/Lenz,3513
GR,Schmitten (GR),3514
GR,Albula/Alvra,3542
GR,Surses,3543
GR,Bergün Filisur,3544
GR,Brusio,3551
GR,Poschiavo,3561
AG,Bonaduz,3721
AG,Domat/Ems,3722
AG,Rhäzüns,3723
AG,Felsberg,3731
AG,Flims,3732
AG,Tamins,3733
AG,Trin,3734
GR,Untervaz,3946
GR,Zizers,3947
GR,Fläsch,3951
GR,Jenins,3952
GR,Maienfeld,3953
GR,Malans,3954
GR,Trimmis,3945
GR,Landquart,3955
GR,Bever,3781
GR,Celerina/Schlarigna,3782
GR,Madulain,3783
GR,Pontresina,3784
GR,Samedan,3786
GR,St. Moritz,3787
GR,S-chanf,3788
GR,Sils im Engadin/Segl,3789
GR,Silvaplana,3790
GR,Zuoz,3791
GR,Bregaglia,3792
GR,La Punt Chamues-ch,3785
GR,Grono,3832
GR,Buseno,3804
GR,Castaneda,3805
GR,Rossa,3808
GR,Santa Maria in Calanca,3810
GR,Lostallo,3821
GR,Mesocco,3822
GR,Soazza,3823
GR,Cama,3831
GR,Roveredo (GR),3834
GR,San Vittore,3835
GR,Calanca,3837
GR,Churwalden,3911
GR,Arosa,3921
GR,Chur,3901
VS,Fideris,3861
VS,Furna,3862
VS,Jenaz,3863
VS,Conters im Prättigau,3881
VS,Küblis,3882
VS,Schiers,3962
VS,Seewis im Prättigau,3972
VS,Davos,3851
VS,Grüsch,3961
VS,Luzein,3891
VS,Klosters,3871
GR,Falera,3572
GR,Laax,3575
GR,Sagogn,3581
GR,Schluein,3582
GR,Disentis/Mustér,3982
GR,Medel (Lucmagn),3983
GR,Sumvitg,3985
GR,Tujetsch,3986
GR,Trun,3987
GR,Safiental,3672
GR,Lumnezia,3618
GR,Ilanz/Glion,3619
GR,Vals,3603
GR,Obersaxen Mundaun,3988
GR,Breil/Brigels,3981
GR,Fürstenau,3633
GR,Rothenbrunnen,3637
GR,Scharans,3638
GR,Sils im Domleschg,3640
GR,Flerden,3662
GR,Masein,3663
GR,Tschappina,3669
GR,Urmein,3670
GR,Avers,3681
GR,Sufers,3695
GR,Rongellen,3711
GR,Zillis-Reischen,3712
GR,Ferrera,3713
GR,Andeer,3701
GR,Cazis,3661
GR,Domleschg,3673
GR,Thusis,3668
GR,Rheinwald,3714
GR,Muntogna da Schons,3715
GR,Samnaun,3752
GR,Val Müstair,3847
GR,Valsot,3764
GR,Scuol,3762
GR,Zernez,3746
AG,Tegerfelden,4320
AG,Böttstein,4303
AG,Fisibach,4306
AG,Full-Reuenthal,4307
AG,Döttingen,4304
AG,Mellikon,4314
AG,Klingnau,4309
AG,Koblenz,4310
AG,Leibstadt,4311
AG,Leuggern,4313
AG,Lengnau (AG),4312
AG,Siglistorf,4319
AG,Schneisingen,4318
AG,Endingen,4305
AG,Zurzach,4324
AG,Wiliberg,4288
AG,Vordemwald,4287
AG,Strengelbach,4285
AG,Staffelbach,4284
AG,Uerkheim,4286
AG,Brittnau,4274
AG,Aarburg,4271
AG,Bottenwil,4273
AG,Moosleerau,4277
AG,Murgenthal,4279
AG,Oftringen,4280
AG,Kölliken,4276
AG,Kirchleerau,4275
AG,Rothrist,4282
AG,Safenwil,4283
AG,Zofingen,4289
AG,Reitnau,4281
AG,Zeiningen,4263
AG,Zuzgen,4264
AG,Wegenstetten,4262
AG,Wallbach,4261
AG,Stein (AG),4260
AG,Hellikon,4251
AG,Mumpf,4255
AG,Möhlin,4254
AG,Obermumpf,4256
AG,Olsberg,4257
AG,Kaiseraugst,4252
AG,Magden,4253
AG,Rheinfelden,4258
AG,Schupfart,4259
AG,Waltenschwil,4240
AG,Bünzen,4229
AG,Buttwil,4230
AG,Dietwil,4231
AG,Auw,4223
AG,Abtwil,4221
AG,Aristau,4222
AG,Boswil,4228
AG,Beinwil (Freiamt),4224
AG,Besenbüren,4226
AG,Bettwil,4227
AG,Geltwil,4232
AG,Mühlau,4235
AG,Muri (AG),4236
AG,Oberrüti,4237
AG,Kallern,4233
AG,Rottenschwil,4238
AG,Sins,4239
AG,Merenschwand,4234
AG,Staufen,4210
AG,Brunegg,4193
AG,Dintikon,4194
AG,Ammerswil,4191
AG,Boniswil,4192
AG,Hallwil,4197
AG,Holderbank (AG),4199
AG,Egliswil,4195
AG,Hunzenschwil,4200
AG,Hendschiken,4198
AG,Fahrwangen,4196
AG,Möriken-Wildegg,4203
AG,Meisterschwanden,4202
AG,Niederlenz,4204
AG,Lenzburg,4201
AG,Rupperswil,4206
AG,Seengen,4208
AG,Seon,4209
AG,Schafisheim,4207
AG,Othmarsingen,4205
AG,Zeihen,4183
AG,Wittnau,4181
AG,Wölflinswil,4182
AG,Frick,4163
AG,Gipf-Oberfrick,4165
AG,Gansingen,4164
AG,Eiken,4161
AG,Münchwilen (AG),4172
AG,Oberhof,4173
AG,Oeschgen,4175
AG,Schwaderloch,4176
AG,Sisseln,4177
AG,Mettauertal,4184
AG,Kaisten,4169
AG,Laufenburg,4170
AG,Böztal,4185
AG,Herznach-Ueken,4186
AG,Zetzwil,4147
AG,Teufenthal (AG),4145
AG,Unterkulm,4146
AG,Beinwil am See,4131
AG,Birrwil,4132
AG,Gontenschwil,4135
AG,Dürrenäsch,4134
AG,Holziken,4136
AG,Oberkulm,4140
AG,Leutwil,4138
AG,Leimbach (AG),4137
AG,Schöftland,4144
AG,Schmiedrued,4143
AG,Schlossrued,4142
AG,Reinach (AG),4141
AG,Menziken,4139
AG,Windisch,4123
AG,Thalheim (AG),4117
AG,Veltheim (AG),4120
AG,Auenstein,4091
AG,Birrhard,4093
AG,Birr,4092
AG,Habsburg,4099
AG,Mönthal,4106
AG,Mülligen,4107
AG,Mandach,4105
AG,Rüfenach,4112
AG,Riniken,4111
AG,Remigen,4110
AG,Hausen (AG),4100
AG,Villigen,4121
AG,Bözberg,4124
AG,Schinznach,4125
AG,Lupfig,4104
AG,Brugg,4095
AG,Widen,4081
AG,Zufikon,4083
AG,Wohlen (AG),4082
AG,Tägerig,4077
AG,Uezwil,4078
AG,Unterlunkhofen,4079
AG,Büttikon,4064
AG,Berikon,4062
AG,Hägglingen,4068
AG,Fischbach-Göslikon,4067
AG,Eggenwil,4066
AG,Dottikon,4065
AG,Oberlunkhofen,4073
AG,Niederwil (AG),4072
AG,Jonen,4071
AG,Rudolfstetten-Friedlisberg,4075
AG,Sarmenstorf,4076
AG,Arni (AG),4061
AG,Islisberg,4084
AG,Oberwil-Lieli,4074
AG,Villmergen,4080
AG,Bremgarten (AG),4063
AG,Wettingen,4045
AG,Würenlos,4048
AG,Würenlingen,4047
AG,Wohlenschwil,4046
AG,Spreitenbach,4040
AG,Stetten (AG),4041
AG,Untersiggenthal,4044
AG,Bergdietikon,4023
AG,Bellikon,4022
AG,Birmenstorf (AG),4024
AG,Freienwil,4028
AG,Fislisbach,4027
AG,Gebenstorf,4029
AG,Ennetbaden,4026
AG,Mellingen,4033
AG,Oberrohrdorf,4037
AG,Obersiggenthal,4038
AG,Neuenhof,4034
AG,Niederrohrdorf,4035
AG,Künten,4031
AG,Killwangen,4030
AG,Mägenwil,4032
AG,Remetschwil,4039
AG,Ehrendingen,4049
AG,Baden,4021
AG,Suhr,4012
AG,Unterentfelden,4013
AG,Buchs (AG),4003
AG,Densbüren,4004
AG,Biberstein,4002
AG,Gränichen,4006
AG,Hirschthal,4007
AG,Muhen,4009
AG,Oberentfelden,4010
AG,Küttigen,4008
AG,Erlinsbach (AG),4005
AG,Aarau,4001
TG,Uttwil,4451
TG,Egnach,4411
TG,Dozwil,4406
TG,Horn,4421
TG,Hefenhofen,4416
TG,Kesswil,4426
TG,Romanshorn,4436
TG,Roggwil (TG),4431
TG,Salmsach,4441
TG,Sommeri,4446
TG,Amriswil,4461
TG,Arbon,4401
TG,Steckborn,4864
TG,Stettfurt,4606
TG,Berlingen,4801
TG,Eschenz,4806
TG,Matzingen,4591
TG,Müllheim,4831
TG,Felben-Wellhausen,4561
TG,Mammern,4826
TG,Thundorf,4611
TG,Warth-Weiningen,4621
TG,Uesslingen-Buch,4616
TG,Wagenhausen,4871
TG,Neunforn,4601
TG,Hüttwilen,4821
TG,Gachnang,4571
TG,Frauenfeld,4566
TG,Herdern,4811
TG,Pfyn,4841
TG,Schlatt (TG),4546
TG,Basadingen-Schlattingen,4536
TG,Hüttlingen,4590
TG,Homburg,4816
TG,Diessenhofen,4545
TG,Tägerwilen,4696
TG,Altnau,4641
TG,Güttingen,4656
TG,Gottlieben,4651
TG,Kreuzlingen,4671
TG,Raperswilen,4846
TG,Ermatingen,4646
TG,Salenstein,4851
TG,Bottighofen,4643
TG,Münsterlingen,4691
TG,Wäldi,4701
TG,Kemmental,4666
TG,Langrickenbach,4681
TG,Lengwil,4683
TG,Münchwilen (TG),4746
TG,Fischingen,4726
TG,Bettwiesen,4716
TG,Lommis,4741
TG,Wängi,4781
TG,Aadorf,4551
TG,Bichelsee-Balterswil,4721
TG,Sirnach,4761
TG,Eschlikon,4724
TG,Wilen (TG),4786
TG,Rickenbach (TG),4751
TG,Braunau,4723
TG,Tobel-Tägerschen,4776
TG,Schönholzerswilen,4756
TG,Wuppenau,4791
TG,Märstetten,4941
TG,Erlen,4476
TG,Bürglen (TG),4911
TG,Affeltrangen,4711
TG,Amlikon-Bissegg,4881
TG,Weinfelden,4946
TG,Birwinken,4901
TG,Wigoltingen,4951
TG,Bussnang,4921
TG,Hauptwil-Gottshaus,4486
TG,Kradolf-Schönenberg,4501
TG,Bischofszell,4471
TG,Sulgen,4506
TG,Zihlschlacht-Sitterdorf,4511
TG,Berg (TG),4891
TG,Hohentannen,4495
TI,Stabio,5266
TI,Vacallo,5268
TI,Coldrerio,5251
TI,Balerna,5242
TI,Morbio Inferiore,5257
TI,Novazzano,5260
TI,Riva San Vitale,5263
TI,Chiasso,5250
TI,Castel San Pietro,5249
TI,Breggia,5269
TI,Mendrisio,5254
TI,Sorengo,5225
TI,Vico Morcote,5233
TI,Torricella-Taverne,5227
TI,Vernate,5230
TI,Vezia,5231
TI,Canobbio,5167
TI,Caslano,5171
TI,Brusino Arsizio,5160
TI,Cadempino,5162
TI,Cademario,5161
TI,Cureglia,5180
TI,Comano,5176
TI,Arogno,5144
TI,Agno,5141
TI,Aranno,5143
TI,Bissone,5154
TI,Bedano,5148
TI,Grancia,5186
TI,Gravesano,5187
TI,Morcote,5203
TI,Melide,5198
TI,Mezzovico-Vira,5199
TI,Origlio,5208
TI,Muzzano,5205
TI,Neggio,5206
TI,Lamone,5189
TI,Magliaso,5193
TI,Massagno,5196
TI,Manno,5194
TI,Savosa,5221
TI,Porza,5214
TI,Pura,5216
TI,Paradiso,5210
TI,Ponte Capriasca,5212
TI,Alto Malcantone,5237
TI,Capriasca,5226
TI,Bioggio,5151
TI,Monteceneri,5238
TI,Collina d'Oro,5236
TI,Lugano,5192
TI,Tresa,5239
TI,Val Mara,5240
TI,Lema,5395
TI,Tenero-Contra,5131
TI,Ascona,5091
TI,Brione sopra Minusio,5096
TI,Brissago,5097
TI,Gordola,5108
TI,Mergoscia,5117
TI,Minusio,5118
TI,Muralto,5120
TI,Losone,5115
TI,Locarno,5113
TI,Ronco sopra Ascona,5125
TI,Orselina,5121
TI,Centovalli,5397
TI,Gambarogno,5398
TI,Terre di Pedemonte,5396
TI,Onsernone,5136
TI,Cugnasco-Gerra,5138
TI,Lavertezzo,5112
TI,Verzasca,5399
TI,Dalpe,5071
TI,Airolo,5061
TI,Bedretto,5063
TI,Pollegio,5077
TI,Personico,5076
TI,Faido,5072
TI,Giornico,5073
TI,Quinto,5079
TI,Acquarossa,5048
TI,Blenio,5049
TI,Serravalle,5050
TI,Arbedo-Castione,5001
TI,Isone,5009
TI,Lumino,5010
TI,Sant'Antonino,5017
TI,Cadenazzo,5003
TI,Bellinzona,5002
TI,Biasca,5281
TI,Riviera,5287
TI,Cerentino,5309
TI,Campo (Vallemaggia),5307
TI,Bosco/Gurin,5304
TI,Linescio,5315
TI,Maggia,5317
TI,Lavizzara,5323
TI,Cevio,5310
TI,Avegno Gordevio,5324
VD,Aigle,5401
VD,Bex,5402
VD,Roche (VD),5413
VD,Rennaz,5412
VD,Noville,5408
VD,Leysin,5407
VD,Lavey-Morcles,5406
VD,Ollon,5409
VD,Ormont-Dessus,5411
VD,Ormont-Dessous,5410
VD,Gryon,5405
VD,Corbeyrier,5404
VD,Chessel,5403
VD,Yvorne,5415
VD,Villeneuve (VD),5414
VD,Villarzel,5830
VD,Cudrefin,5456
VD,Payerne,5822
VD,Prévonloup,5683
VD,Ropraz,5798
VD,Rossenges,5684
VD,Lovatens,5674
VD,Missy,5821
VD,Moudon,5678
VD,Hermenches,5673
VD,Henniez,5819
VD,Dompierre (VD),5671
VD,Grandcour,5817
VD,Faoug,5458
VD,Corcelles-le-Jorat,5785
VD,Corcelles-près-Payerne,5816
VD,Chevroux,5813
VD,Curtilles,5669
VD,Bussy-sur-Moudon,5663
VD,Champtauroz,5812
VD,Chavannes-sur-Moudon,5665
VD,Trey,5827
VD,Treytorrens (Payerne),5828
VD,Villars-le-Comte,5690
VD,Syens,5688
VD,Vulliens,5803
VD,Vucherens,5692
VD,Avenches,5451
VD,Vully-les-Lacs,5464
VD,Valbroye,5831
VD,Lucens,5675
VD,Lussery-Villars,5487
VD,Bercher,5512
VD,Penthalaz,5495
VD,Penthaz,5496
VD,Penthéréaz,5531
VD,Oulens-sous-Echallens,5529
VD,Pailly,5530
VD,Poliez-Pittet,5533
VD,Saint-Barthélemy (VD),5535
VD,Rueyres,5534
VD,Ogens,5680
VD,Oppens,5923
VD,Mex (VD),5489
VD,Morrens (VD),5527
VD,Etagnières,5521
VD,Essertines-sur-Yverdon,5520
VD,Echallens,5518
VD,Fey,5522
VD,Froideville,5523
VD,Bettens,5471
VD,Boussens,5473
VD,Bournens,5472
VD,Boulens,5661
VD,Bottens,5514
VD,Bretigny-sur-Morrens,5515
VD,Daillens,5480
VD,Cugy (VD),5516
VD,Villars-le-Terroir,5537
VD,Sullens,5501
VD,Vufflens-la-Ville,5503
VD,Vuarrens,5539
VD,Montilliez,5540
VD,Goumoëns,5541
VD,Jorat-Menthue,5804
VD,Montanaire,5693
VD,Assens,5511
VD,Rovray,5928
VD,Romainmôtier-Envy,5761
VD,Rances,5760
VD,Orzens,5925
VD,Premier,5759
VD,Provence,5566
VD,Pomy,5926
VD,Sainte-Croix,5568
VD,Sergey,5762
VD,Novalles,5564
VD,Lignerolle,5755
VD,Les Clées,5750
VD,Mauborget,5562
VD,Mathod,5919
VD,Juriens,5754
VD,Le Chenit,5872
VD,Le Lieu,5873
VD,L'Abergement,5741
VD,L'Abbaye,5871
VD,La Praz,5758
VD,Mutrux,5563
VD,Orges,5924
VD,Onnens (VD),5565
VD,Orbe,5757
VD,Molondin,5921
VD,Montcherand,5756
VD,Montagny-près-Yverdon,5922
VD,Ependes (VD),5914
VD,Grandson,5561
VD,Grandevent,5560
VD,Giez,5559
VD,Fiez,5556
VD,Fontaines-sur-Grandson,5557
VD,Bioley-Magnoux,5903
VD,Belmont-sur-Yverdon,5902
VD,Bretonnières,5748
VD,Bofflens,5747
VD,Bonvillars,5551
VD,Arnex-sur-Orbe,5743
VD,Agiez,5742
VD,Ballaigues,5744
VD,Bavois,5746
VD,Baulmes,5745
VD,Concise,5554
VD,Corcelles-près-Concise,5555
VD,Cheseaux-Noréaz,5909
VD,Démoret,5912
VD,Cuarny,5911
VD,Croy,5752
VD,Cronay,5910
VD,Bullet,5552
VD,Champagne,5553
VD,Chavannes-le-Chêne,5907
VD,Chêne-Pâquier,5908
VD,Chamblon,5904
VD,Vallorbe,5764
VD,Valeyres-sous-Rances,5763
VD,Valeyres-sous-Montagny,5933
VD,Ursins,5932
VD,Valeyres-sous-Ursins,5934
VD,Vaulion,5765
VD,Treycovagnes,5931
VD,Villars-Epeney,5935
VD,Suchy,5929
VD,Suscévaz,5930
VD,Vuiteboeuf,5766
VD,Vugelles-La Mothe,5937
VD,Yvonand,5939
VD,Tévenon,5571
VD,Yverdon-les-Bains,5938
VD,Champvent,5905
VD,Donneloye,5913
VD,Chavornay,5749
VD,Romanel-sur-Lausanne,5592
VD,Jouxtens-Mézery,5585
VD,Le Mont-sur-Lausanne,5587
VD,Lausanne,5586
VD,Epalinges,5584
VD,Cheseaux-sur-Lausanne,5582
VD,Maracon,5790
VD,Paudex,5588
VD,Puidoux,5607
VD,Pully,5590
VD,Savigny,5611
VD,Saint-Saphorin (Lavaux),5610
VD,Rivaz,5609
VD,Lutry,5606
VD,Montpreveyres,5792
VD,Forel (Lavaux),5604
VD,Belmont-sur-Lausanne,5581
VD,Chexbres,5601
VD,Bourg-en-Lavaux,5613
VD,Servion,5799
VD,Jorat-Mézières,5806
VD,Oron,5805
VD,Préverenges,5643
VD,Pompaples,5497
VD,Saubraz,5437
VD,Saint-Oyens,5436
VD,Saint-Prex,5646
VD,Senarclens,5499
VD,Saint-Livres,5435
VD,Romanel-sur-Morges,5645
VD,Lonay,5638
VD,Lully (VD),5639
VD,Lussy-sur-Morges,5640
VD,Lavigny,5637
VD,La Chaux (Cossonay),5474
VD,L'Isle,5486
VD,La Sarraz,5498
VD,Orny,5493
VD,Mollens (VD),5431
VD,Moiry,5490
VD,Mauraz,5488
VD,Mont-la-Ville,5491
VD,Morges,5642
VD,Montricher,5492
VD,Etoy,5636
VD,Eclépens,5482
VD,Echandens,5633
VD,Gimel,5428
VD,Gollion,5484
VD,Grancy,5485
VD,Féchy,5427
VD,Ferreyres,5483
VD,Bière,5425
VD,Berolle,5424
VD,Bougy-Villars,5426
VD,Bremblens,5622
VD,Aclens,5621
VD,Allaman,5851
VD,Ballens,5423
VD,Chevilly,5476
VD,Chigny,5628
VD,Clarmont,5629
VD,Denges,5632
VD,Denens,5631
VD,Cossonay,5477
VD,Cuarnens,5479
VD,Buchillon,5623
VD,Chavannes-le-Veyron,5475
VD,Dizy,5481
VD,Vaux-sur-Morges,5650
VD,Tolochenaz,5649
VD,Villars-sous-Yens,5652
VD,Vullierens,5654
VD,Vufflens-le-Château,5653
VD,Yens,5655
VD,Echichens,5634
VD,Aubonne,5422
VD,Hautemorges,5656
VD,Perroy,5860
VD,Prangins,5725
VD,Signy-Avenex,5728
VD,Rolle,5861
VD,Saint-Cergue,5727
VD,Saint-George,5434
VD,Longirod,5429
VD,Marchissy,5430
VD,Luins,5858
VD,Le Vaud,5731
VD,La Rippe,5726
VD,Nyon,5724
VD,Mies,5723
VD,Mont-sur-Rolle,5859
VD,Essertines-sur-Rolle,5856
VD,Eysins,5716
VD,Duillier,5715
VD,Dully,5855
VD,Genolier,5718
VD,Grens,5722
VD,Gingins,5719
VD,Gland,5721
VD,Givrins,5720
VD,Gilly,5857
VD,Founex,5717
VD,Begnins,5704
VD,Borex,5706
VD,Bogis-Bossey,5705
VD,Arnex-sur-Nyon,5701
VD,Bassins,5703
VD,Coppet,5712
VD,Commugny,5711
VD,Chéserex,5709
VD,Coinsins,5710
VD,Crassier,5714
VD,Bursinel,5852
VD,Bursins,5853
VD,Burtigny,5854
VD,Chavannes-des-Bois,5708
VD,Chavannes-de-Bogis,5707
VD,Trélex,5730
VD,Vich,5732
VD,Tartegnin,5862
VD,Tannay,5729
VD,Vinzel,5863
VD,Arzier-Le Muids,5702
VD,Crans (VD),5713
VD,Prilly,5589
VD,Renens (VD),5591
VD,Saint-Sulpice (VD),5648
VD,Ecublens (VD),5635
VD,Crissier,5583
VD,Chavannes-près-Renens,5627
VD,Villars-Sainte-Croix,5651
VD,Bussigny,5624
VD,Montreux,5886
VD,Rossinière,5842
VD,Rougemont,5843
VD,Jongny,5885
VD,La Tour-de-Peilz,5889
VD,Corseaux,5883
VD,Corsier-sur-Vevey,5884
VD,Château-d'Oex,5841
VD,Chardonne,5882
VD,Vevey,5890
VD,Veytaux,5891
VD,Blonay - Saint-Légier,5892
VS,Vionnaz,6158
VS,Vouvry,6159
VS,Troistorrents,6156
VS,Val-d'Illiez,6157
VS,Champéry,6151
VS,Collombey-Muraz,6152
VS,Monthey,6153
VS,Saint-Gingolph,6155
VS,Port-Valais,6154
VS,Trient,6142
VS,Bovernier,6131
VS,Fully,6133
VS,Isérables,6134
VS,Martigny-Combe,6137
VS,Leytron,6135
VS,Saillon,6140
VS,Riddes,6139
VS,Saxon,6141
VS,Martigny,6136
VS,Varen,6116
VS,Agarn,6101
VS,Albinen,6102
VS,Ergisch,6104
VS,Oberems,6112
VS,Inden,6109
VS,Leukerbad,6111
VS,Salgesch,6113
VS,Guttet-Feschel,6117
VS,Gampel-Bratsch,6118
VS,Leuk,6110
VS,Turtmann-Unterems,6119
VS,Vex,6089
VS,Ayent,6082
VS,Evolène,6083
VS,Hérémence,6084
VS,Saint-Martin (VS),6087
VS,Mont-Noble,6090
VS,Bellwald,6052
VS,Binn,6054
VS,Fieschertal,6058
VS,Fiesch,6057
VS,Lax,6061
VS,Ernen,6056
VS,Obergoms,6076
VS,Goms,6077
VS,Bourg-Saint-Pierre,6032
VS,Liddes,6033
VS,Sembrancher,6035
VS,Orsières,6034
VS,Val de Bagnes,6037
VS,Vétroz,6025
VS,Chamoson,6022
VS,Conthey,6023
VS,Ardon,6021
VS,Nendaz,6024
VS,Zwischbergen,6011
VS,Termen,6010
VS,Eggerberg,6004
VS,Simplon,6009
VS,Brig-Glis,6002
VS,Ried-Brig,6008
VS,Naters,6007
VS,Wiler (Lötschen),6202
VS,Unterbäch,6201
VS,Bürchen,6193
VS,Ausserberg,6191
VS,Bister,6172
VS,Bitsch,6173
VS,Blatten,6192
VS,Ferden,6195
VS,Grengiols,6177
VS,Eischoll,6194
VS,Niedergesteln,6198
VS,Kippel,6197
VS,Raron,6199
VS,Riederalp,6181
VS,Mörel-Filet,6203
VS,Steg-Hohtenn,6204
VS,Bettmeralp,6205
VS,Vernayaz,6219
VS,Vérossaz,6220
VS,Collonges,6211
VS,Finhaut,6214
VS,Dorénaz,6212
VS,Evionnaz,6213
VS,Massongex,6215
VS,Salvan,6218
VS,Saint-Maurice,6217
VS,Chalais,6232
VS,Chippis,6235
VS,Grône,6238
VS,Icogne,6239
VS,Lens,6240
VS,Saint-Léonard,6246
VS,Sierre,6248
VS,Anniviers,6252
VS,Crans-Montana,6253
VS,Noble-Contrée,6254
VS,Veysonnaz,6267
VS,Arbaz,6261
VS,Grimisuat,6263
VS,Savièse,6265
VS,Sion,6266
VS,Zermatt,6300
VS,Zeneggen,6299
VS,St. Niklaus,6292
VS,Visperterminen,6298
VS,Täsch,6295
VS,Stalden (VS),6293
VS,Staldenried,6294
VS,Törbel,6296
VS,Baltschieder,6281
VS,Grächen,6285
VS,Eisten,6282
VS,Embd,6283
VS,Lalden,6286
VS,Randa,6287
VS,Visp,6297
VS,Saas-Almagell,6288
VS,Saas-Balen,6289
VS,Saas-Fee,6290
VS,Saas-Grund,6291
NE,Boudry,6404
NE,Cortaillod,6408
NE,Rochefort,6413
NE,Milvignes,6416
NE,La Chaux-de-Fonds,6421
NE,Les Planchettes,6422
NE,La Sagne,6423
NE,La Brévine,6432
NE,Brot-Plamboz,6433
NE,Le Cerneux-Péquignot,6434
NE,La Chaux-du-Milieu,6435
NE,Les Ponts-de-Martel,6437
NE,Cornaux,6451
NE,Cressier (NE),6452
NE,Le Landeron,6455
NE,Lignières,6456
NE,Val-de-Ruz,6487
NE,La Côte-aux-Fées,6504
NE,Les Verrières,6511
NE,Val-de-Travers,6512
NE,La Grande Béroche,6417
NE,Neuchâtel,6458
NE,Le Locle,6436
NE,Laténa,6513
GE,Soral,6639
GE,Thônex,6640
GE,Troinex,6641
GE,Veyrier,6645
GE,Vernier,6643
GE,Versoix,6644
GE,Vandoeuvres,6642
GE,Céligny,6610
GE,Carouge (GE),6608
GE,Cartigny,6609
GE,Chêne-Bougeries,6612
GE,Chancy,6611
GE,Chêne-Bourg,6613
GE,Corsier (GE),6619
GE,Dardagny,6620
GE,Choulex,6614
GE,Collex-Bossy,6615
GE,Collonge-Bellerive,6616
GE,Cologny,6617
GE,Confignon,6618
GE,Avully,6603
GE,Avusy,6604
GE,Bardonnex,6605
GE,Aire-la-Ville,6601
GE,Anières,6602
GE,Bernex,6607
GE,Bellevue,6606
GE,Gy,6624
GE,Genthod,6622
GE,Genève,6621
GE,Hermance,6625
GE,Meinier,6629
GE,Meyrin,6630
GE,Onex,6631
GE,Laconnex,6627
GE,Le Grand-Saconnex,6623
GE,Lancy,6628
GE,Jussy,6626
GE,Russin,6637
GE,Satigny,6638
GE,Puplinge,6636
GE,Presinge,6635
GE,Pregny-Chambésy,6634
GE,Plan-les-Ouates,6633
GE,Perly-Certoux,6632
JU,Boécourt,6702
JU,Bourrignon,6703
JU,Châtillon (JU),6704
JU,Courchapoix,6706
JU,Courroux,6709
JU,Courtételle,6710
JU,Delémont,6711
JU,Develier,6712
JU,Ederswiler,6713
JU,Mervelier,6715
JU,Movelier,6718
JU,Pleigne,6719
JU,Rossemaison,6721
JU,Saulcy,6722
JU,Soyhières,6724
JU,Mettembert,6716
JU,Haute-Sorne,6729
JU,Val Terbi,6730
JU,Courrendlin,6708
JU,Le Bémont (JU),6741
JU,Les Bois,6742
JU,Les Enfers,6745
JU,Les Genevez (JU),6748
JU,Lajoux (JU),6750
JU,Le Noirmont,6754
JU,Saint-Brais,6758
JU,Soubey,6759
JU,Saignelégier,6757
JU,Montfaucon,6751
JU,Muriaux,6753
JU,Les Breuleux,6743
JU,Alle,6771
JU,Boncourt,6774
JU,Bure,6778
JU,Coeuve,6781
JU,Cornol,6782
JU,Courchavon,6783
JU,Courgenay,6784
JU,Courtedoux,6785
JU,Fahy,6789
JU,Grandfontaine,6792
JU,Porrentruy,6800
JU,Vendlincourt,6806
JU,Clos du Doubs,6808
JU,La Baroche,6810
JU,Basse-Allaine,6807
JU,Fontenais,6790
JU,Haute-Ajoie,6809
JU,Damphreux-Lugnez,6811
JU,Basse-Vendline,6812
JU,Moutier,6831
